x-axis,1
second,Volt
-0.000862547441562,5.72089
-0.000861547441562,5.72089
-0.000860547441562,5.72424
-0.000859547441563,5.72089
-0.000858547441562,5.80457
-0.000857547441562,5.71419
-0.000856547441562,5.72758
-0.000855547441563,5.72089
-0.000854547441562,5.72089
-0.000853547441562,5.72089
-0.000852547441562,5.72424
-0.000851547441562,5.72089
-0.000850547441563,5.72089
-0.000849547441562,5.72424
-0.000848547441562,5.72758
-0.000847547441562,5.72089
-0.000846547441563,5.59704
-0.000845547441562,5.72424
-0.000844547441562,5.72089
-0.000843547441562,5.72424
-0.000842547441563,5.72424
-0.000841547441563,5.72424
-0.000840547441562,5.71754
-0.000839547441562,5.72089
-0.000838547441562,5.72424
-0.000837547441563,5.72424
-0.000836547441562,5.72089
-0.000835547441562,5.72424
-0.000834547441562,5.72758
-0.000833547441562,5.72424
-0.000832547441562,5.70415
-0.000831547441562,5.74097
-0.000830547441562,5.72424
-0.000829547441562,5.72424
-0.000828547441563,5.72089
-0.000827547441562,5.72089
-0.000826547441562,5.72424
-0.000825547441562,5.72089
-0.000824547441563,5.72089
-0.000823547441562,5.72424
-0.000822547441562,5.72424
-0.000821547441562,5.72089
-0.000820547441562,5.8347
-0.000819547441563,5.72758
-0.000818547441562,5.72758
-0.000817547441562,5.72089
-0.000816547441562,5.72089
-0.000815547441563,5.72424
-0.000814547441562,5.72089
-0.000813547441562,5.72424
-0.000812547441562,5.72758
-0.000811547441562,5.72424
-0.000810547441563,5.72089
-0.000809547441562,5.72089
-0.000808547441562,5.72424
-0.000807547441562,5.72424
-0.000806547441563,5.75101
-0.000805547441562,5.71085
-0.000804547441562,5.72424
-0.000803547441562,5.72424
-0.000802547441562,5.72424
-0.000801547441563,5.72424
-0.000800547441562,5.72758
-0.000799547441562,5.72089
-0.000798547441562,5.72089
-0.000797547441563,5.72424
-0.000796547441562,5.72424
-0.000795547441562,5.72089
-0.000794547441562,5.68407
-0.000793547441563,5.72758
-0.000792547441563,5.72089
-0.000791547441562,5.72089
-0.000790547441562,5.72424
-0.000789547441562,5.72424
-0.000788547441563,5.72089
-0.000787547441562,5.72424
-0.000786547441562,5.72758
-0.000785547441562,5.72089
-0.000784547441562,5.72089
-0.000783547441563,5.72089
-0.000782547441562,5.72424
-0.000781547441562,5.72089
-0.000780547441562,5.71085
-0.000779547441563,5.71419
-0.000778547441562,5.72424
-0.000777547441562,5.72089
-0.000776547441562,5.72089
-0.000775547441563,5.72424
-0.000774547441562,5.72758
-0.000773547441562,5.72089
-0.000772547441562,5.72424
-0.000771547441562,5.72424
-0.000770547441563,5.72424
-0.000769547441562,5.68072
-0.000768547441562,5.67737
-0.000767547441562,5.72424
-0.000766547441562,5.72089
-0.000765547441562,5.71754
-0.000764547441562,5.72758
-0.000763547441562,5.72424
-0.000762547441563,5.72424
-0.000761547441563,5.72089
-0.000760547441562,5.72424
-0.000759547441562,5.72089
-0.000758547441562,5.72089
-0.000757547441563,5.72089
-0.000756547441562,5.72758
-0.000755547441562,5.72424
-0.000754547441562,5.72758
-0.000753547441562,5.72758
-0.000752547441563,5.72424
-0.000751547441562,5.72089
-0.000750547441562,5.72089
-0.000749547441562,5.72758
-0.000748547441563,5.72424
-0.000747547441562,5.71754
-0.000746547441562,5.72424
-0.000745547441562,5.72424
-0.000744547441563,5.72089
-0.000743547441563,5.59035
-0.000742547441562,5.7075
-0.000741547441562,5.72424
-0.000740547441562,5.72089
-0.000739547441563,5.72089
-0.000738547441562,5.72089
-0.000737547441562,5.72089
-0.000736547441562,5.72424
-0.000735547441562,5.71754
-0.000734547441563,5.72424
-0.000733547441562,5.72424
-0.000732547441562,5.72089
-0.000731547441563,5.64055
-0.000730547441563,5.72758
-0.000729547441562,5.72089
-0.000728547441562,5.71419
-0.000727547441562,5.72424
-0.000726547441563,5.72424
-0.000725547441562,5.72089
-0.000724547441562,5.72089
-0.000723547441562,5.72758
-0.000722547441562,5.72089
-0.000721547441563,5.72089
-0.000720547441562,5.72089
-0.000719547441562,5.72758
-0.000718547441562,5.72089
-0.000717547441562,5.69076
-0.000716547441562,5.7644
-0.000715547441562,5.72424
-0.000714547441562,5.72424
-0.000713547441563,5.72089
-0.000712547441563,5.72424
-0.000711547441562,5.72424
-0.000710547441562,5.72089
-0.000709547441562,5.72089
-0.000708547441563,5.72424
-0.000707547441562,5.72424
-0.000706547441562,5.72089
-0.000705547441562,5.56357
-0.000704547441562,5.72758
-0.000703547441563,5.72089
-0.000702547441562,5.72089
-0.000701547441562,5.73093
-0.000700547441563,5.72424
-0.000699547441562,5.72089
-0.000698547441562,5.72089
-0.000697547441562,5.72424
-0.000696547441562,5.72089
-0.000695547441563,5.72089
-0.000694547441563,5.72089
-0.000693547441562,5.72424
-0.000692547441562,5.72089
-0.000691547441562,5.74097
-0.000690547441563,5.74432
-0.000689547441562,5.72424
-0.000688547441562,5.72424
-0.000687547441562,5.71754
-0.000686547441562,5.72424
-0.000685547441563,5.72424
-0.000684547441562,5.72089
-0.000683547441562,5.72089
-0.000682547441563,5.72424
-0.000681547441563,5.72424
-0.000680547441562,5.7711
-0.000679547441562,5.84809
-0.000678547441562,5.72758
-0.000677547441563,5.72089
-0.000676547441563,5.72089
-0.000675547441562,5.72424
-0.000674547441562,5.72424
-0.000673547441562,5.72089
-0.000672547441563,5.72424
-0.000671547441562,5.72758
-0.000670547441562,5.72089
-0.000669547441562,5.72089
-0.000668547441562,5.72089
-0.000667547441562,5.72424
-0.000666547441562,5.72089
-0.000665547441562,5.72424
-0.000664547441563,5.72424
-0.000663547441563,5.72424
-0.000662547441562,5.72424
-0.000661547441562,5.71754
-0.000660547441562,5.72089
-0.000659547441563,5.72424
-0.000658547441562,5.72089
-0.000657547441562,5.72089
-0.000656547441562,5.72758
-0.000655547441562,5.72089
-0.000654547441563,5.84139
-0.000653547441562,5.75771
-0.000652547441562,5.72089
-0.000651547441563,5.71419
-0.000650547441562,5.71754
-0.000649547441562,5.72424
-0.000648547441562,5.72424
-0.000647547441562,5.72089
-0.000646547441563,5.72089
-0.000645547441563,5.72089
-0.000644547441562,5.72424
-0.000643547441562,5.72089
-0.000642547441562,5.72089
-0.000641547441563,5.72424
-0.000640547441562,5.72089
-0.000639547441562,5.72424
-0.000638547441562,5.7075
-0.000637547441562,5.72424
-0.000636547441563,5.72424
-0.000635547441562,5.71754
-0.000634547441562,5.72424
-0.000633547441563,5.72424
-0.000632547441563,5.72089
-0.000631547441562,5.72424
-0.000630547441562,5.72424
-0.000629547441562,5.72089
-0.000628547441563,5.79118
-0.000627547441563,5.63721
-0.000626547441562,5.72424
-0.000625547441562,5.72089
-0.000624547441562,5.72089
-0.000623547441563,5.72089
-0.000622547441562,5.72089
-0.000621547441562,5.72089
-0.000620547441562,5.71754
-0.000619547441562,5.72424
-0.000618547441563,5.72424
-0.000617547441562,5.72089
-0.000616547441562,5.72424
-0.000615547441563,5.72424
-0.000614547441562,5.72424
-0.000613547441562,5.72089
-0.000612547441562,5.73763
-0.000611547441562,5.72424
-0.000610547441563,5.72089
-0.000609547441562,5.71754
-0.000608547441562,5.72424
-0.000607547441563,5.72089
-0.000606547441562,5.72089
-0.000605547441563,5.72089
-0.000604547441562,5.72424
-0.000603547441562,5.72424
-0.000602547441563,5.78114
-0.000601547441562,5.81127
-0.000600547441562,5.72089
-0.000599547441562,5.72424
-0.000598547441562,5.72089
-0.000597547441563,5.72089
-0.000596547441562,5.72758
-0.000595547441562,5.72089
-0.000594547441562,5.72089
-0.000593547441562,5.72424
-0.000592547441563,5.72089
-0.000591547441562,5.71754
-0.000590547441562,5.72089
-0.000589547441563,5.72758
-0.000588547441562,5.72089
-0.000587547441563,5.72424
-0.000586547441562,5.71419
-0.000585547441562,5.72424
-0.000584547441563,5.72089
-0.000583547441562,5.72089
-0.000582547441562,5.72424
-0.000581547441562,5.72089
-0.000580547441562,5.72089
-0.000579547441563,5.72089
-0.000578547441563,5.72089
-0.000577547441562,5.71754
-0.000576547441562,5.73763
-0.000575547441562,5.65394
-0.000574547441563,5.72089
-0.000573547441562,5.71754
-0.000572547441562,5.72089
-0.000571547441563,5.72424
-0.000570547441562,5.72424
-0.000569547441563,5.72089
-0.000568547441562,5.71754
-0.000567547441562,5.72424
-0.000566547441563,5.72089
-0.000565547441562,5.78114
-0.000564547441562,5.72089
-0.000563547441562,5.72424
-0.000562547441562,5.72089
-0.000561547441563,5.72089
-0.000560547441563,5.73093
-0.000559547441562,5.72424
-0.000558547441563,5.71754
-0.000557547441562,5.72089
-0.000556547441563,5.72089
-0.000555547441562,5.72424
-0.000554547441562,5.71754
-0.000553547441563,5.71754
-0.000552547441562,5.72089
-0.000551547441562,5.72424
-0.000550547441562,5.72424
-0.000549547441562,5.69746
-0.000548547441563,5.72758
-0.000547547441563,5.72424
-0.000546547441562,5.71754
-0.000545547441562,5.72089
-0.000544547441562,5.72424
-0.000543547441563,5.72089
-0.000542547441562,5.72089
-0.000541547441562,5.72089
-0.000540547441563,5.72424
-0.000539547441562,5.84139
-0.000538547441563,5.63721
-0.000537547441562,5.72089
-0.000536547441562,5.72089
-0.000535547441563,5.72424
-0.000534547441562,5.72424
-0.000533547441562,5.72089
-0.000532547441562,5.71754
-0.000531547441562,5.71754
-0.000530547441563,5.72089
-0.000529547441563,5.72424
-0.000528547441562,5.72089
-0.000527547441562,5.72089
-0.000526547441562,5.72089
-0.000525547441563,5.72089
-0.000524547441562,5.72424
-0.000523547441562,5.73428
-0.000522547441563,5.72424
-0.000521547441562,5.72089
-0.000520547441563,5.72089
-0.000519547441562,5.72424
-0.000518547441562,5.72089
-0.000517547441563,5.72089
-0.000516547441562,5.72089
-0.000515547441562,5.72424
-0.000514547441562,5.72089
-0.000513547441562,5.72424
-0.000512547441563,5.88825
-0.000511547441563,5.72424
-0.000510547441562,5.72089
-0.000509547441563,5.72089
-0.000508547441562,5.72424
-0.000507547441563,5.72089
-0.000506547441562,5.72089
-0.000505547441562,5.72089
-0.000504547441563,5.72089
-0.000503547441562,5.72424
-0.000502547441563,5.72089
-0.000501547441562,5.71754
-0.000500547441562,5.72424
-0.000499547441563,5.72424
-0.000498547441563,5.71419
-0.000497547441562,5.73428
-0.000496547441562,5.72424
-0.000495547441562,5.72089
-0.000494547441563,5.72089
-0.000493547441562,5.72424
-0.000492547441562,5.72089
-0.000491547441563,5.71754
-0.000490547441562,5.72089
-0.000489547441563,5.72424
-0.000488547441562,5.72089
-0.000487547441562,5.72758
-0.000486547441562,5.55018
-0.000485547441562,5.72424
-0.000484547441562,5.72089
-0.000483547441562,5.72089
-0.000482547441563,5.72424
-0.000481547441562,5.72424
-0.000480547441563,5.72089
-0.000479547441562,5.72089
-0.000478547441562,5.72424
-0.000477547441562,5.72424
-0.000476547441562,5.72089
-0.000475547441562,5.72089
-0.000474547441562,5.72424
-0.000473547441563,5.72089
-0.000472547441562,5.72089
-0.000471547441563,5.74432
-0.000470547441562,5.72424
-0.000469547441563,5.71754
-0.000468547441562,5.72089
-0.000467547441562,5.72089
-0.000466547441562,5.72089
-0.000465547441562,5.72089
-0.000464547441562,5.72089
-0.000463547441562,5.72424
-0.000462547441563,5.72089
-0.000461547441562,5.72089
-0.000460547441563,5.88156
-0.000459547441562,5.72424
-0.000458547441562,5.72424
-0.000457547441562,5.72089
-0.000456547441562,5.72089
-0.000455547441562,5.72424
-0.000454547441562,5.71754
-0.000453547441563,5.72089
-0.000452547441562,5.72424
-0.000451547441563,5.72089
-0.000450547441562,5.69076
-0.000449547441563,5.71754
-0.000448547441562,5.72424
-0.000447547441562,5.72089
-0.000446547441562,5.71754
-0.000445547441562,5.70081
-0.000444547441563,5.72424
-0.000443547441562,5.72089
-0.000442547441563,5.72089
-0.000441547441562,5.72089
-0.000440547441563,5.72424
-0.000439547441562,5.71754
-0.000438547441562,5.72089
-0.000437547441562,5.72424
-0.000436547441562,5.72089
-0.000435547441562,5.72424
-0.000434547441562,5.57361
-0.000433547441563,5.72424
-0.000432547441562,5.72089
-0.000431547441563,5.71754
-0.000430547441562,5.72758
-0.000429547441563,5.72089
-0.000428547441562,5.72089
-0.000427547441562,5.71754
-0.000426547441562,5.72424
-0.000425547441562,5.72089
-0.000424547441563,5.66064
-0.000423547441562,5.72089
-0.000422547441563,5.72089
-0.000421547441562,5.72089
-0.000420547441563,5.72089
-0.000419547441562,5.73093
-0.000418547441562,5.72089
-0.000417547441562,5.72089
-0.000416547441562,5.71754
-0.000415547441562,5.72089
-0.000414547441562,5.72089
-0.000413547441563,5.71754
-0.000412547441562,5.72089
-0.000411547441563,5.72089
-0.000410547441562,5.72089
-0.000409547441562,5.71419
-0.000408547441562,5.59035
-0.000407547441562,5.72424
-0.000406547441562,5.71754
-0.000405547441562,5.71754
-0.000404547441563,5.72424
-0.000403547441562,5.72089
-0.000402547441563,5.72089
-0.000401547441562,5.71754
-0.000400547441563,5.72089
-0.000399547441562,5.71754
-0.000398547441562,5.68407
-0.000397547441562,5.72089
-0.000396547441562,5.72089
-0.000395547441563,5.72089
-0.000394547441562,5.71754
-0.000393547441563,5.72758
-0.000392547441562,5.71754
-0.000391547441563,5.72089
-0.000390547441562,5.71754
-0.000389547441562,5.72089
-0.000388547441562,5.72089
-0.000387547441562,5.72089
-0.000386547441562,5.71754
-0.000385547441562,5.72089
-0.000384547441563,5.72089
-0.000383547441562,5.71085
-0.000382547441563,5.64725
-0.000381547441562,5.72089
-0.000380547441563,5.71754
-0.000379547441562,5.71419
-0.000378547441562,5.72424
-0.000377547441562,5.71754
-0.000376547441562,5.71754
-0.000375547441563,5.71754
-0.000374547441562,5.72424
-0.000373547441563,5.71754
-0.000372547441562,5.71085
-0.000371547441562,5.72089
-0.000370547441563,5.71754
-0.000369547441563,5.71754
-0.000368547441562,5.71754
-0.000367547441562,5.71754
-0.000366547441562,5.72089
-0.000365547441563,5.71754
-0.000364547441563,5.71419
-0.000363547441562,5.72089
-0.000362547441562,5.72089
-0.000361547441563,5.71419
-0.000360547441563,5.71754
-0.000359547441562,5.72089
-0.000358547441562,5.72089
-0.000357547441562,5.71754
-0.000356547441563,5.56691
-0.000355547441563,5.72089
-0.000354547441562,5.71419
-0.000353547441562,5.71754
-0.000352547441563,5.72424
-0.000351547441563,5.72089
-0.000350547441562,5.72089
-0.000349547441562,5.71419
-0.000348547441562,5.71754
-0.000347547441563,5.71754
-0.000346547441563,5.71419
-0.000345547441562,5.71754
-0.000344547441562,5.71754
-0.000343547441563,5.71754
-0.000342547441563,5.71754
-0.000341547441562,5.72424
-0.000340547441562,5.72089
-0.000339547441562,5.71419
-0.000338547441563,5.71419
-0.000337547441563,5.71754
-0.000336547441562,5.71754
-0.000335547441562,5.75101
-0.000334547441563,5.71419
-0.000333547441563,5.71754
-0.000332547441562,5.71419
-0.000331547441562,5.71419
-0.000330547441562,5.55018
-0.000329547441563,5.71754
-0.000328547441562,5.71085
-0.000327547441562,5.71419
-0.000326547441562,5.71419
-0.000325547441563,5.71754
-0.000324547441563,5.71419
-0.000323547441562,5.71085
-0.000322547441562,5.71754
-0.000321547441563,5.71754
-0.000320547441563,5.7075
-0.000319547441562,5.71419
-0.000318547441562,5.71754
-0.000317547441562,5.71419
-0.000316547441563,5.71419
-0.000315547441563,5.73428
-0.000314547441562,5.71419
-0.000313547441562,5.71085
-0.000312547441563,5.71419
-0.000311547441563,5.71754
-0.000310547441562,5.71754
-0.000309547441562,5.75101
-0.000308547441562,5.71419
-0.000307547441563,5.71754
-0.000306547441563,5.71419
-0.000305547441562,5.71754
-0.000304547441562,5.90164
-0.000303547441563,5.71754
-0.000302547441563,5.71754
-0.000301547441562,5.71085
-0.000300547441562,5.71085
-0.000299547441562,5.71754
-0.000298547441563,5.71419
-0.000297547441563,5.71085
-0.000296547441562,5.71419
-0.000295547441562,5.71419
-0.000294547441563,5.71419
-0.000293547441563,5.71419
-0.000292547441562,5.71754
-0.000291547441562,5.71419
-0.000290547441562,5.71085
-0.000289547441563,5.73428
-0.000288547441563,5.71754
-0.000287547441562,5.71419
-0.000286547441562,5.71085
-0.000285547441563,5.71419
-0.000284547441563,5.71419
-0.000283547441562,5.72424
-0.000282547441562,5.71085
-0.000281547441562,5.71419
-0.000280547441563,5.71419
-0.000279547441563,5.71419
-0.000278547441562,5.8916
-0.000277547441562,5.71419
-0.000276547441563,5.71754
-0.000275547441563,5.71085
-0.000274547441562,5.71085
-0.000273547441562,5.71419
-0.000272547441563,5.71085
-0.000271547441563,5.71085
-0.000270547441562,5.71754
-0.000269547441562,5.71419
-0.000268547441562,5.71419
-0.000267547441563,5.71085
-0.000266547441563,5.71085
-0.000265547441562,5.71085
-0.000264547441562,5.71085
-0.000263547441563,5.73428
-0.000262547441563,5.71085
-0.000261547441562,5.71085
-0.000260547441562,5.71085
-0.000259547441562,5.71419
-0.000258547441563,5.71085
-0.000257547441563,5.72089
-0.000256547441562,5.71085
-0.000255547441562,5.71419
-0.000254547441563,5.71419
-0.000253547441563,5.71085
-0.000252547441562,5.84474
-0.000251547441562,5.71419
-0.000250547441562,5.71754
-0.000249547441563,5.7075
-0.000248547441563,5.71419
-0.000247547441562,5.71419
-0.000246547441562,5.70081
-0.000245547441563,5.71085
-0.000244547441563,5.71419
-0.000243547441562,5.71419
-0.000242547441562,5.71419
-0.000241547441562,5.71419
-0.000240547441563,5.71754
-0.000239547441563,5.71085
-0.000238547441562,5.71419
-0.000237547441562,5.72424
-0.000236547441563,5.71419
-0.000235547441563,5.71419
-0.000234547441562,5.71085
-0.000233547441562,5.71419
-0.000232547441563,5.71419
-0.000231547441563,5.72424
-0.000230547441563,5.71085
-0.000229547441562,5.71419
-0.000228547441562,5.71085
-0.000227547441563,5.71085
-0.000226547441563,5.90834
-0.000225547441562,5.71754
-0.000224547441562,5.71085
-0.000223547441563,5.71085
-0.000222547441563,5.71419
-0.000221547441563,5.71419
-0.000220547441562,5.68072
-0.000219547441562,5.71085
-0.000218547441563,5.71419
-0.000217547441563,5.71419
-0.000216547441562,5.71085
-0.000215547441562,5.71419
-0.000214547441563,5.71754
-0.000213547441563,5.71085
-0.000212547441562,5.71419
-0.000211547441562,5.73428
-0.000210547441562,5.71419
-0.000209547441563,5.71419
-0.000208547441563,5.71085
-0.000207547441562,5.71419
-0.000206547441562,5.71754
-0.000205547441563,5.71754
-0.000204547441563,5.71085
-0.000203547441562,5.71419
-0.000202547441562,5.71419
-0.000201547441562,5.71085
-0.000200547441563,5.80792
-0.000199547441563,5.71419
-0.000198547441562,5.71085
-0.000197547441562,5.7075
-0.000196547441563,5.71419
-0.000195547441563,5.71419
-0.000194547441562,5.67068
-0.000193547441562,5.71419
-0.000192547441562,5.71419
-0.000191547441563,5.71085
-0.000190547441563,5.71419
-0.000189547441562,5.71085
-0.000188547441562,5.71419
-0.000187547441563,5.71419
-0.000186547441563,5.71085
-0.000185547441562,5.70415
-0.000184547441562,5.71754
-0.000183547441563,5.71419
-0.000182547441563,5.71085
-0.000181547441563,5.71419
-0.000180547441562,5.71419
-0.000179547441562,5.7075
-0.000178547441563,5.71419
-0.000177547441563,5.71419
-0.000176547441562,5.71419
-0.000175547441562,5.7075
-0.000174547441563,5.85478
-0.000173547441563,5.71419
-0.000172547441563,5.71085
-0.000171547441562,5.71085
-0.000170547441562,5.71419
-0.000169547441563,5.71419
-0.000168547441563,5.69746
-0.000167547441562,5.71085
-0.000166547441562,5.71419
-0.000165547441563,5.71419
-0.000164547441563,5.71085
-0.000163547441563,5.71419
-0.000162547441562,5.71419
-0.000161547441562,5.71419
-0.000160547441563,5.71085
-0.000159547441563,5.71419
-0.000158547441562,5.71754
-0.000157547441562,5.71085
-0.000156547441563,5.71085
-0.000155547441563,5.71419
-0.000154547441562,5.71754
-0.000153547441562,5.71085
-0.000152547441562,5.71085
-0.000151547441563,5.71419
-0.000150547441563,5.71419
-0.000149547441562,5.71419
-0.000148547441562,5.5803
-0.000147547441563,5.71754
-0.000146547441563,5.71085
-0.000145547441562,5.71419
-0.000144547441562,5.71419
-0.000143547441562,5.71754
-0.000142547441563,5.71419
-0.000141547441563,5.71085
-0.000140547441562,5.71419
-0.000139547441562,5.71419
-0.000138547441563,5.71419
-0.000137547441563,5.71085
-0.000136547441562,5.71754
-0.000135547441562,5.71419
-0.000134547441563,5.71085
-0.000133547441563,5.70415
-0.000132547441563,5.71419
-0.000131547441562,5.61712
-0.000130547441562,5.71085
-0.000129547441563,5.71419
-0.000128547441563,5.71419
-0.000127547441562,5.71085
-0.000126547441562,5.71419
-0.000125547441563,5.71754
-0.000124547441563,5.71085
-0.000123547441563,5.71085
-0.000122547441562,5.81461
-0.000121547441562,5.71419
-0.000120547441563,5.71085
-0.000119547441563,5.7075
-0.000118547441562,5.71419
-0.000117547441562,5.71419
-0.000116547441563,5.72758
-0.000115547441563,5.71085
-0.000114547441563,5.71419
-0.000113547441562,5.71419
-0.000112547441562,5.71085
-0.000111547441563,5.71085
-0.000110547441563,5.72089
-0.000109547441562,5.71085
-0.000108547441562,5.7075
-0.000107547441563,5.71419
-0.000106547441563,5.71419
-0.000105547441563,5.65394
-0.000104547441562,5.71419
-0.000103547441562,5.71419
-0.000102547441563,5.71419
-0.000101547441563,5.71754
-0.000100547441562,5.71419
-9.95474415625e-005,5.71419
-9.85474415625e-005,5.71419
-9.75474415625e-005,5.71085
-9.65474415625e-005,5.77445
-9.55474415625e-005,5.71754
-9.45474415625e-005,5.71419
-9.35474415625e-005,5.71085
-9.25474415625e-005,5.71754
-9.15474415625e-005,5.71419
-9.05474415625e-005,5.71419
-8.95474415625e-005,5.71085
-8.85474415625e-005,5.71085
-8.75474415625e-005,5.71085
-8.65474415625e-005,5.71085
-8.55474415625e-005,5.71085
-8.45474415625e-005,5.71419
-8.35474415625e-005,5.71085
-8.25474415625e-005,5.71085
-8.15474415625e-005,5.72424
-8.05474415625e-005,5.71419
-7.95474415625e-005,5.67068
-7.85474415625e-005,5.71419
-7.75474415625e-005,5.71419
-7.65474415625e-005,5.71085
-7.55474415625e-005,5.71419
-7.45474415625e-005,5.71085
-7.35474415625e-005,5.71419
-7.25474415625e-005,5.71419
-7.15474415625e-005,5.71085
-7.05474415625e-005,5.53009
-6.95474415625e-005,5.71419
-6.85474415625e-005,5.71754
-6.75474415625e-005,5.71085
-6.65474415625e-005,5.71419
-6.55474415625e-005,5.71085
-6.45474415625e-005,5.71419
-6.35474415625e-005,5.71085
-6.25474415625e-005,5.71419
-6.15474415625e-005,5.71085
-6.05474415625e-005,5.71419
-5.95474415625e-005,5.71085
-5.85474415625e-005,5.71419
-5.75474415625e-005,5.71085
-5.65474415625e-005,5.71085
-5.55474415625e-005,5.70081
-5.45474415625e-005,5.71419
-5.35474415625e-005,5.72089
-5.25474415625e-005,5.71085
-5.15474415625e-005,5.71085
-5.05474415625e-005,5.71419
-4.95474415625e-005,5.71085
-4.85474415625e-005,5.71085
-4.75474415625e-005,5.71419
-4.65474415625e-005,5.71085
-4.55474415625e-005,5.7075
-4.45474415625e-005,5.72424
-4.35474415625e-005,5.71085
-4.25474415625e-005,5.71085
-4.15474415625e-005,5.7075
-4.05474415625e-005,5.71419
-3.95474415625e-005,5.71085
-3.85474415625e-005,5.71085
-3.75474415625e-005,5.71085
-3.65474415625e-005,5.71419
-3.55474415625e-005,5.71085
-3.45474415625e-005,5.71085
-3.35474415625e-005,5.71085
-3.25474415625e-005,5.71085
-3.15474415625e-005,5.71085
-3.05474415625e-005,5.71085
-2.95474415625e-005,5.70081
-2.85474415625e-005,5.71085
-2.75474415625e-005,5.72089
-2.65474415625e-005,5.7075
-2.55474415625e-005,5.71419
-2.45474415625e-005,5.71419
-2.35474415625e-005,5.71085
-2.25474415625e-005,5.71085
-2.15474415625e-005,5.71419
-2.05474415625e-005,5.71085
-1.95474415625e-005,5.7075
-1.85474415625e-005,5.55352
-1.75474415625e-005,5.71085
-1.65474415625e-005,5.71754
-1.55474415625e-005,5.7075
-1.45474415625e-005,5.71419
-1.35474415625e-005,5.71085
-1.25474415625e-005,5.71085
-1.15474415625e-005,5.7075
-1.05474415625e-005,5.71085
-9.5474415625e-006,5.7075
-8.5474415625e-006,5.71085
-7.5474415625e-006,5.7075
-6.5474415625e-006,5.71085
-5.5474415625e-006,5.71085
-4.5474415625e-006,5.71085
-3.5474415625e-006,5.70415
-2.5474415625e-006,5.71085
-1.5474415625e-006,5.71754
-5.474415625e-007,5.7075
4.525584375e-007,5.71085
1.4525584375e-006,5.71085
2.4525584375e-006,5.7075
3.4525584375e-006,5.7075
4.4525584375e-006,5.71419
5.4525584375e-006,5.71085
6.4525584375e-006,5.70415
7.4525584375e-006,5.59035
8.4525584375e-006,5.7075
9.4525584375e-006,5.72758
1.04525584375e-005,5.7075
1.14525584375e-005,5.7075
1.24525584375e-005,5.7075
1.34525584375e-005,5.7075
1.44525584375e-005,5.7075
1.54525584375e-005,5.7075
1.64525584375e-005,5.7075
1.74525584375e-005,5.70415
1.84525584375e-005,5.7075
1.94525584375e-005,5.7075
2.04525584375e-005,5.7075
2.14525584375e-005,5.70415
2.24525584375e-005,5.7075
2.34525584375e-005,5.7075
2.44525584375e-005,5.71085
2.54525584375e-005,5.70415
2.64525584375e-005,5.71085
2.74525584375e-005,5.71085
2.84525584375e-005,5.70415
2.94525584375e-005,5.7075
3.04525584375e-005,5.7075
3.14525584375e-005,5.7075
3.24525584375e-005,5.70415
3.34525584375e-005,5.91838
3.44525584375e-005,5.7075
3.54525584375e-005,5.73428
3.64525584375e-005,5.7075
3.74525584375e-005,5.7075
3.84525584375e-005,5.7075
3.94525584375e-005,5.7075
4.04525584375e-005,5.70415
4.14525584375e-005,5.7075
4.24525584375e-005,5.7075
4.34525584375e-005,5.70415
4.44525584375e-005,5.70415
4.54525584375e-005,5.7075
4.64525584375e-005,5.70415
4.74525584375e-005,5.70415
4.84525584375e-005,5.7075
4.94525584375e-005,5.7075
5.04525584375e-005,5.7075
5.14525584375e-005,5.70081
5.24525584375e-005,5.70415
5.34525584375e-005,5.7075
5.44525584375e-005,5.70415
5.54525584375e-005,5.70415
5.64525584375e-005,5.7075
5.74525584375e-005,5.7075
5.84525584375e-005,5.70415
5.94525584375e-005,5.48658
6.04525584375e-005,5.70415
6.14525584375e-005,5.72424
6.24525584375e-005,5.70415
6.34525584375e-005,5.70415
6.44525584375e-005,5.7075
6.54525584375e-005,5.70415
6.64525584375e-005,5.70081
6.74525584375e-005,5.7075
6.84525584375e-005,5.70415
6.94525584375e-005,5.70415
7.04525584375e-005,5.70415
7.14525584375e-005,5.7075
7.24525584375e-005,5.70415
7.34525584375e-005,5.70081
7.44525584375e-005,5.69411
7.54525584375e-005,5.7075
7.64525584375e-005,5.70081
7.74525584375e-005,5.70081
7.84525584375e-005,5.70415
7.94525584375e-005,5.70415
8.04525584375e-005,5.70081
8.14525584375e-005,5.70081
8.24525584375e-005,5.70415
8.34525584375e-005,5.70081
8.44525584375e-005,5.70081
8.54525584375e-005,5.48323
8.64525584375e-005,5.70415
8.74525584375e-005,5.71419
8.84525584375e-005,5.69746
8.94525584375e-005,5.70415
9.04525584375e-005,5.70415
9.14525584375e-005,5.70081
9.24525584375e-005,5.69746
9.34525584375e-005,5.70081
9.44525584375e-005,5.70081
9.54525584375e-005,5.69746
9.64525584375e-005,5.70081
9.74525584375e-005,5.70415
9.84525584375e-005,5.63721
9.94525584375e-005,5.69411
0.000100452558438,5.70081
0.000101452558437,5.70081
0.000102452558437,5.69746
0.000103452558437,5.69746
0.000104452558438,5.69746
0.000105452558438,5.69746
0.000106452558437,5.69746
0.000107452558437,5.70081
0.000108452558438,5.70081
0.000109452558438,5.69746
0.000110452558437,5.69746
0.000111452558437,5.60373
0.000112452558437,5.70081
0.000113452558438,5.71085
0.000114452558438,5.69411
0.000115452558437,5.70081
0.000116452558438,5.70081
0.000117452558438,5.69746
0.000118452558437,5.69746
0.000119452558438,5.70081
0.000120452558437,5.69746
0.000121452558437,5.69411
0.000122452558438,5.70081
0.000123452558437,5.70081
0.000124452558438,5.7075
0.000125452558437,5.69746
0.000126452558437,5.70081
0.000127452558438,5.69746
0.000128452558437,5.70081
0.000129452558438,5.69746
0.000130452558438,5.69746
0.000131452558437,5.70081
0.000132452558438,5.69746
0.000133452558437,5.69411
0.000134452558438,5.70081
0.000135452558438,5.69746
0.000136452558437,5.69411
0.000137452558438,5.69411
0.000138452558437,5.69746
0.000139452558437,5.70081
0.000140452558438,5.69411
0.000141452558437,5.7075
0.000142452558438,5.69746
0.000143452558437,5.69411
0.000144452558437,5.69411
0.000145452558438,5.69746
0.000146452558437,5.69411
0.000147452558438,5.69411
0.000148452558438,5.69411
0.000149452558437,5.69746
0.000150452558438,5.69746
0.000151452558437,5.69411
0.000152452558438,5.6506
0.000153452558438,5.69411
0.000154452558437,5.69411
0.000155452558438,5.69076
0.000156452558437,5.69076
0.000157452558437,5.69746
0.000158452558438,5.69076
0.000159452558437,5.68742
0.000160452558438,5.69746
0.000161452558437,5.69411
0.000162452558437,5.69746
0.000163452558438,5.69411
0.000164452558437,5.67403
0.000165452558438,5.6506
0.000166452558438,5.62047
0.000167452558437,5.59704
0.000168452558438,5.58365
0.000169452558437,5.5803
0.000170452558437,5.57696
0.000171452558438,5.5803
0.000172452558437,5.57696
0.000173452558438,5.56691
0.000174452558437,5.56357
0.000175452558437,5.56022
0.000176452558438,5.55018
0.000177452558437,5.55018
0.000178452558438,5.55352
0.000179452558437,5.55018
0.000180452558437,5.54683
0.000181452558438,5.55018
0.000182452558437,5.54348
0.000183452558438,5.54348
0.000184452558438,5.54348
0.000185452558437,5.54014
0.000186452558438,5.54014
0.000187452558437,5.54348
0.000188452558437,5.54014
0.000189452558438,5.53679
0.000190452558437,5.54014
0.000191452558438,5.54014
0.000192452558437,5.53679
0.000193452558437,5.53679
0.000194452558438,5.53679
0.000195452558437,5.53344
0.000196452558438,5.53344
0.000197452558438,5.53679
0.000198452558437,5.53009
0.000199452558438,5.53344
0.000200452558437,5.53679
0.000201452558438,5.53344
0.000202452558438,5.53344
0.000203452558437,5.53679
0.000204452558438,5.53344
0.000205452558437,5.53344
0.000206452558437,5.54014
0.000207452558438,5.53679
0.000208452558437,5.53344
0.000209452558438,5.53344
0.000210452558437,5.54014
0.000211452558437,5.53679
0.000212452558438,5.53679
0.000213452558437,5.54014
0.000214452558438,5.53344
0.000215452558438,5.53679
0.000216452558437,5.54348
0.000217452558438,5.54014
0.000218452558437,5.53679
0.000219452558437,5.54348
0.000220452558438,5.54014
0.000221452558437,5.53679
0.000222452558438,5.54348
0.000223452558437,5.54348
0.000224452558437,5.54014
0.000225452558438,5.54348
0.000226452558437,5.54683
0.000227452558438,5.54348
0.000228452558437,5.54348
0.000229452558437,5.54683
0.000230452558438,5.54683
0.000231452558437,5.54683
0.000232452558438,5.55018
0.000233452558438,5.54683
0.000234452558437,5.54683
0.000235452558438,5.55352
0.000236452558437,5.55352
0.000237452558437,5.55018
0.000238452558438,5.55018
0.000239452558437,5.55687
0.000240452558438,5.55352
0.000241452558437,5.55352
0.000242452558437,5.55687
0.000243452558438,5.55352
0.000244452558437,5.55687
0.000245452558438,5.56357
0.000246452558438,5.55687
0.000247452558437,5.56022
0.000248452558438,5.56357
0.000249452558437,5.56022
0.000250452558438,5.55687
0.000251452558438,5.56691
0.000252452558437,5.56357
0.000253452558438,5.56022
0.000254452558437,5.56691
0.000255452558437,5.56691
0.000256452558438,5.56691
0.000257452558437,5.56357
0.000258452558438,5.57026
0.000259452558437,5.57026
0.000260452558437,5.56691
0.000261452558438,5.57361
0.000262452558437,5.57026
0.000263452558438,5.57361
0.000264452558438,5.5803
0.000265452558437,5.57696
0.000266452558438,5.57026
0.000267452558437,5.57696
0.000268452558437,5.5803
0.000269452558438,5.57696
0.000270452558437,5.5803
0.000271452558438,5.5803
0.000272452558437,5.57696
0.000273452558437,5.5803
0.000274452558438,5.58365
0.000275452558437,5.58365
0.000276452558438,5.58365
0.000277452558437,5.587
0.000278452558437,5.58365
0.000279452558438,5.58365
0.000280452558437,5.587
0.000281452558438,5.587
0.000282452558438,5.58365
0.000283452558437,5.59035
0.000284452558438,5.59035
0.000285452558437,5.587
0.000286452558437,5.59035
0.000287452558438,5.59369
0.000288452558437,5.59369
0.000289452558438,5.59369
0.000290452558437,5.59704
0.000291452558437,5.59369
0.000292452558438,5.59704
0.000293452558437,5.60039
0.000294452558438,5.59704
0.000295452558437,5.59704
0.000296452558437,5.60373
0.000297452558438,5.60373
0.000298452558437,5.59704
0.000299452558438,5.60039
0.000300452558438,5.60373
0.000301452558437,5.60039
0.000302452558438,5.60039
0.000303452558437,5.60708
0.000304452558437,5.60373
0.000305452558438,5.60373
0.000306452558437,5.60708
0.000307452558438,5.60708
0.000308452558437,5.60373
0.000309452558437,5.61043
0.000310452558438,5.61043
0.000311452558437,5.60708
0.000312452558438,5.61378
0.000313452558438,5.61378
0.000314452558437,5.60708
0.000315452558438,5.61378
0.000316452558437,5.61712
0.000317452558437,5.61043
0.000318452558438,5.61378
0.000319452558437,5.61712
0.000320452558438,5.61712
0.000321452558437,5.61378
0.000322452558437,5.61712
0.000323452558438,5.61712
0.000324452558437,5.61378
0.000325452558438,5.62047
0.000326452558437,5.62047
0.000327452558437,5.61712
0.000328452558438,5.62047
0.000329452558437,5.62382
0.000330452558438,5.61712
0.000331452558438,5.62382
0.000332452558437,5.62382
0.000333452558438,5.62047
0.000334452558437,5.62047
0.000335452558437,5.62717
0.000336452558438,5.62382
0.000337452558437,5.62382
0.000338452558438,5.62717
0.000339452558437,5.62382
0.000340452558437,5.62382
0.000341452558438,5.63051
0.000342452558437,5.62717
0.000343452558438,5.62382
0.000344452558437,5.62717
0.000345452558437,5.63051
0.000346452558438,5.62717
0.000347452558437,5.63051
0.000348452558437,5.63386
0.000349452558438,5.63051
0.000350452558437,5.63051
0.000351452558438,5.63386
0.000352452558437,5.63051
0.000353452558437,5.63051
0.000354452558438,5.63051
0.000355452558437,5.63051
0.000356452558438,5.62717
0.000357452558437,5.63721
0.000358452558437,5.63386
0.000359452558438,5.63051
0.000360452558437,5.63721
0.000361452558438,5.63721
0.000362452558438,5.63386
0.000363452558437,5.63721
0.000364452558438,5.63721
0.000365452558437,5.63721
0.000366452558437,5.63721
0.000367452558438,5.64055
0.000368452558437,5.63721
0.000369452558438,5.63721
0.000370452558437,5.64055
0.000371452558437,5.64055
0.000372452558438,5.63721
0.000373452558437,5.64055
0.000374452558438,5.64055
0.000375452558437,5.63721
0.000376452558437,5.6439
0.000377452558438,5.6439
0.000378452558437,5.64055
0.000379452558438,5.64055
0.000380452558438,5.64055
0.000381452558437,5.6439
0.000382452558438,5.64055
0.000383452558437,5.64725
0.000384452558437,5.64055
0.000385452558438,5.64055
0.000386452558437,5.64725
0.000387452558438,5.6439
0.000388452558437,5.64055
0.000389452558437,5.64725
0.000390452558438,5.64725
0.000391452558437,5.64055
0.000392452558438,5.64725
0.000393452558437,5.6506
0.000394452558437,5.6439
0.000395452558438,5.64725
0.000396452558437,5.64725
0.000397452558437,5.6439
0.000398452558438,5.64725
0.000399452558437,5.64725
0.000400452558438,5.6439
0.000401452558437,5.6439
0.000402452558437,5.6506
0.000403452558438,5.64725
0.000404452558437,5.6439
0.000405452558438,5.65394
0.000406452558437,5.6506
0.000407452558437,5.6439
0.000408452558438,5.64725
0.000409452558437,5.6506
0.000410452558438,5.6506
0.000411452558437,5.6506
0.000412452558437,5.6506
0.000413452558438,5.64725
0.000414452558437,5.64725
0.000415452558437,5.6506
0.000416452558438,5.6506
0.000417452558437,5.64725
0.000418452558438,5.65394
0.000419452558437,5.6506
0.000420452558437,5.6506
0.000421452558438,5.65394
0.000422452558437,5.6506
0.000423452558438,5.64725
0.000424452558437,5.65394
0.000425452558437,5.65394
0.000426452558438,5.6506
0.000427452558437,5.6506
0.000428452558438,5.65729
0.000429452558438,5.65394
0.000430452558437,5.6506
0.000431452558438,5.65729
0.000432452558437,5.6506
0.000433452558437,5.6506
0.000434452558438,5.65394
0.000435452558437,5.6506
0.000436452558438,5.65394
0.000437452558437,5.65394
0.000438452558437,5.65394
0.000439452558438,5.6506
0.000440452558437,5.65394
0.000441452558438,5.65729
0.000442452558437,5.6506
0.000443452558437,5.65394
0.000444452558438,5.65729
0.000445452558437,5.65394
0.000446452558437,5.6506
0.000447452558438,5.66064
0.000448452558437,5.65729
0.000449452558438,5.65394
0.000450452558437,5.66064
0.000451452558437,5.65729
0.000452452558438,5.65394
0.000453452558437,5.65729
0.000454452558438,5.65729
0.000455452558437,5.65394
0.000456452558437,5.65394
0.000457452558438,5.66064
0.000458452558437,5.65729
0.000459452558438,5.65394
0.000460452558437,5.65729
0.000461452558437,5.65729
0.000462452558438,5.65394
0.000463452558437,5.65729
0.000464452558437,5.65729
0.000465452558438,5.65394
0.000466452558437,5.66064
0.000467452558438,5.66064
0.000468452558437,5.65394
0.000469452558437,5.65729
0.000470452558438,5.65729
0.000471452558437,5.65394
0.000472452558438,5.65729
0.000473452558437,5.66064
0.000474452558437,5.65729
0.000475452558438,5.65394
0.000476452558437,5.66064
0.000477452558438,5.65729
0.000478452558438,5.65729
0.000479452558437,5.66064
0.000480452558438,5.66064
0.000481452558437,5.65729
0.000482452558437,5.66064
0.000483452558438,5.66064
0.000484452558437,5.65729
0.000485452558438,5.66064
0.000486452558437,5.65729
0.000487452558437,5.65729
0.000488452558438,5.65729
0.000489452558437,5.66064
0.000490452558438,5.65729
0.000491452558437,5.65729
0.000492452558437,5.66399
0.000493452558438,5.66064
0.000494452558437,5.65729
0.000495452558437,5.66064
0.000496452558438,5.65729
0.000497452558437,5.65729
0.000498452558438,5.66064
0.000499452558437,5.66064
0.000500452558437,5.65729
0.000501452558438,5.66064
0.000502452558437,5.66399
0.000503452558438,5.65729
0.000504452558437,5.66064
0.000505452558437,5.66399
0.000506452558438,5.66064
0.000507452558437,5.65729
0.000508452558438,5.66064
0.000509452558437,5.65729
0.000510452558437,5.65729
0.000511452558438,5.66064
0.000512452558437,5.66064
0.000513452558437,5.65729
0.000514452558438,5.66399
0.000515452558437,5.66399
0.000516452558438,5.65729
0.000517452558437,5.66399
0.000518452558437,5.66064
0.000519452558438,5.65729
0.000520452558437,5.65729
0.000521452558438,5.66399
0.000522452558437,5.66064
0.000523452558437,5.65729
0.000524452558438,5.66399
0.000525452558437,5.66064
0.000526452558438,5.65729
0.000527452558438,5.66399
0.000528452558437,5.65729
0.000529452558438,5.65729
0.000530452558437,5.66064
0.000531452558437,5.66064
0.000532452558438,5.66064
0.000533452558437,5.65729
0.000534452558438,5.66064
0.000535452558437,5.66064
0.000536452558437,5.66064
0.000537452558438,5.66399
0.000538452558437,5.65729
0.000539452558438,5.66064
0.000540452558437,5.66399
0.000541452558437,5.66064
0.000542452558438,5.65729
0.000543452558437,5.66399
0.000544452558437,5.66064
0.000545452558438,5.66064
0.000546452558437,5.66064
0.000547452558438,5.66399
0.000548452558437,5.66064
0.000549452558437,5.66064
0.000550452558438,5.66399
0.000551452558437,5.66064
0.000552452558438,5.66064
0.000553452558437,5.66399
0.000554452558437,5.65729
0.000555452558438,5.66064
0.000556452558437,5.66399
0.000557452558438,5.66064
0.000558452558437,5.66064
0.000559452558437,5.66399
0.000560452558438,5.66064
0.000561452558437,5.66064
0.000562452558437,5.66064
0.000563452558438,5.66064
0.000564452558437,5.65729
0.000565452558438,5.66064
0.000566452558437,5.66399
0.000567452558437,5.66064
0.000568452558438,5.66064
0.000569452558437,5.66399
0.000570452558438,5.66399
0.000571452558437,5.66064
0.000572452558437,5.66399
0.000573452558438,5.66399
0.000574452558437,5.66064
0.000575452558438,5.66399
0.000576452558437,5.66399
0.000577452558437,5.66064
0.000578452558438,5.66399
0.000579452558437,5.66399
0.000580452558437,5.66064
0.000581452558438,5.66399
0.000582452558437,5.66733
0.000583452558438,5.66064
0.000584452558437,5.66399
0.000585452558437,5.66399
0.000586452558438,5.66399
0.000587452558437,5.66064
0.000588452558438,5.66733
0.000589452558437,5.66399
0.000590452558437,5.66064
0.000591452558438,5.66733
0.000592452558437,5.66399
0.000593452558437,5.66064
0.000594452558438,5.66399
0.000595452558437,5.66399
0.000596452558438,5.66399
0.000597452558437,5.66064
0.000598452558437,5.66733
0.000599452558438,5.66064
0.000600452558437,5.66064
0.000601452558438,5.66399
0.000602452558437,5.66399
0.000603452558437,5.66064
0.000604452558438,5.66733
0.000605452558437,5.66399
0.000606452558438,5.66399
0.000607452558437,5.66399
0.000608452558437,5.66399
0.000609452558438,5.66064
0.000610452558437,5.66399
0.000611452558437,5.66733
0.000612452558438,5.66064
0.000613452558437,5.66399
0.000614452558438,5.66733
0.000615452558437,5.66399
0.000616452558437,5.66064
0.000617452558438,5.66399
0.000618452558437,5.66399
0.000619452558438,5.66399
0.000620452558437,5.66733
0.000621452558437,5.66399
0.000622452558438,5.66064
0.000623452558437,5.66733
0.000624452558438,5.66399
0.000625452558437,5.66399
0.000626452558437,5.66399
0.000627452558438,5.66733
0.000628452558437,5.66064
0.000629452558437,5.66399
0.000630452558438,5.66399
0.000631452558437,5.66399
0.000632452558438,5.66064
0.000633452558437,5.66733
0.000634452558437,5.66064
0.000635452558438,5.66064
0.000636452558437,5.66733
0.000637452558438,5.66399
0.000638452558437,5.66064
0.000639452558437,5.66399
0.000640452558438,5.66399
0.000641452558437,5.66399
0.000642452558437,5.66399
0.000643452558438,5.66733
0.000644452558437,5.66064
0.000645452558438,5.66399
0.000646452558437,5.66733
0.000647452558437,5.66064
0.000648452558438,5.66399
0.000649452558437,5.66399
0.000650452558438,5.66399
0.000651452558437,5.66064
0.000652452558437,5.66399
0.000653452558438,5.66399
0.000654452558437,5.66064
0.000655452558438,5.66399
0.000656452558437,5.66733
0.000657452558437,5.66064
0.000658452558438,5.66064
0.000659452558437,5.66399
0.000660452558437,5.66399
0.000661452558438,5.66399
0.000662452558437,5.66399
0.000663452558438,5.66064
0.000664452558437,5.66064
0.000665452558437,5.66733
0.000666452558438,5.66064
0.000667452558437,5.66064
0.000668452558438,5.66399
0.000669452558437,5.66733
0.000670452558437,5.66064
0.000671452558438,5.66399
0.000672452558437,5.66733
0.000673452558438,5.66399
0.000674452558437,5.66064
0.000675452558437,5.66399
0.000676452558438,5.66064
0.000677452558437,5.66399
0.000678452558437,5.66733
0.000679452558438,5.66399
0.000680452558437,5.66064
0.000681452558438,5.66399
0.000682452558437,5.66399
0.000683452558437,5.66064
0.000684452558438,5.66399
0.000685452558437,5.66399
0.000686452558438,5.66064
0.000687452558437,5.66733
0.000688452558437,5.66733
0.000689452558438,5.66064
0.000690452558437,5.66399
0.000691452558437,5.66733
0.000692452558437,5.66399
0.000693452558437,5.66399
0.000694452558438,5.66733
0.000695452558437,5.66399
0.000696452558437,5.66064
0.000697452558438,5.66733
0.000698452558437,5.66733
0.000699452558438,5.66064
0.000700452558437,5.66733
0.000701452558437,5.66733
0.000702452558438,5.66399
0.000703452558437,5.66399
0.000704452558438,5.66733
0.000705452558437,5.66399
0.000706452558437,5.66399
0.000707452558438,5.66733
0.000708452558437,5.66064
0.000709452558437,5.66399
0.000710452558438,5.66399
0.000711452558437,5.66064
0.000712452558438,5.66064
0.000713452558437,5.66733
0.000714452558437,5.66399
0.000715452558438,5.66064
0.000716452558437,5.66733
0.000717452558438,5.66733
0.000718452558437,5.66064
0.000719452558437,5.66399
0.000720452558438,5.66733
0.000721452558437,5.66733
0.000722452558437,5.66399
0.000723452558437,5.66733
0.000724452558437,5.66399
0.000725452558438,5.66064
0.000726452558437,5.66733
0.000727452558437,5.66399
0.000728452558438,5.66064
0.000729452558437,5.66733
0.000730452558438,5.66399
0.000731452558437,5.66064
0.000732452558437,5.66733
0.000733452558438,5.66733
0.000734452558437,5.66399
0.000735452558438,5.66399
0.000736452558437,5.66733
0.000737452558437,5.66064
0.000738452558438,5.66399
0.000739452558437,5.66733
0.000740452558437,5.66399
0.000741452558437,5.66064
0.000742452558437,5.66399
0.000743452558438,5.66399
0.000744452558437,5.66064
0.000745452558437,5.66733
0.000746452558438,5.66733
0.000747452558437,5.66064
0.000748452558438,5.66733
0.000749452558437,5.66399
0.000750452558437,5.66064
0.000751452558438,5.66733
0.000752452558437,5.66733
0.000753452558438,5.66399
0.000754452558437,5.66064
0.000755452558437,5.66733
0.000756452558438,5.66399
0.000757452558437,5.66064
0.000758452558437,5.66733
0.000759452558438,5.66399
0.000760452558437,5.66064
0.000761452558438,5.66733
0.000762452558437,5.66733
0.000763452558437,5.66064
0.000764452558438,5.66733
0.000765452558437,5.66733
0.000766452558438,5.66064
0.000767452558437,5.66399
0.000768452558437,5.66733
0.000769452558438,5.66064
0.000770452558437,5.66064
0.000771452558437,5.66733
0.000772452558437,5.66399
0.000773452558437,5.66399
0.000774452558438,5.66733
0.000775452558437,5.66399
0.000776452558437,5.66064
0.000777452558438,5.66733
0.000778452558437,5.66399
0.000779452558438,5.66064
0.000780452558437,5.66733
0.000781452558437,5.66733
0.000782452558438,5.66399
0.000783452558437,5.66399
0.000784452558438,5.66733
0.000785452558437,5.66064
0.000786452558437,5.66064
0.000787452558438,5.66399
0.000788452558437,5.66399
0.000789452558437,5.66064
0.000790452558437,5.66733
0.000791452558437,5.66733
0.000792452558438,5.66399
0.000793452558437,5.66733
0.000794452558437,5.66399
0.000795452558438,5.66064
0.000796452558437,5.66399
0.000797452558438,5.66399
0.000798452558437,5.66064
0.000799452558437,5.66399
0.000800452558438,5.66733
0.000801452558437,5.66399
0.000802452558438,5.66064
0.000803452558437,5.66733
0.000804452558437,5.66399
0.000805452558438,5.66399
0.000806452558437,5.66733
0.000807452558437,5.66399
0.000808452558438,5.66399
0.000809452558437,5.66733
0.000810452558438,5.66733
0.000811452558437,5.66064
0.000812452558437,5.66399
0.000813452558438,5.66733
0.000814452558437,5.66399
0.000815452558438,5.66399
0.000816452558437,5.66733
0.000817452558437,5.66399
0.000818452558438,5.66064
0.000819452558437,5.66733
0.000820452558437,5.66399
0.000821452558437,5.66399
0.000822452558437,5.66733
0.000823452558438,5.66733
0.000824452558437,5.66064
0.000825452558437,5.66733
0.000826452558438,5.66733
0.000827452558437,5.66399
0.000828452558438,5.66399
0.000829452558437,5.67068
0.000830452558437,5.66399
0.000831452558438,5.66399
0.000832452558437,5.66399
0.000833452558438,5.66399
0.000834452558437,5.66399
0.000835452558437,5.66399
0.000836452558438,5.66733
0.000837452558437,5.66064
0.000838452558437,5.66733
0.000839452558437,5.66399
0.000840452558437,5.66399
0.000841452558438,5.66399
0.000842452558437,5.66733
0.000843452558437,5.66064
0.000844452558438,5.66399
0.000845452558437,5.67068
0.000846452558438,5.66399
0.000847452558437,5.66399
0.000848452558437,5.67068
0.000849452558438,5.66733
0.000850452558437,5.66399
0.000851452558438,5.66733
0.000852452558437,5.66733
0.000853452558437,5.66399
0.000854452558438,5.66733
0.000855452558437,5.66733
0.000856452558437,5.66064
0.000857452558437,5.66733
0.000858452558437,5.66733
0.000859452558438,5.66399
0.000860452558437,5.66399
0.000861452558437,5.66733
0.000862452558438,5.66064
0.000863452558437,5.66399
0.000864452558438,5.67068
0.000865452558437,5.66399
0.000866452558437,5.66733
0.000867452558438,5.66733
0.000868452558437,5.66733
0.000869452558437,5.66399
0.000870452558437,5.66733
0.000871452558437,5.66733
0.000872452558438,5.66399
0.000873452558437,5.66733
0.000874452558437,5.67068
0.000875452558438,5.66399
0.000876452558437,5.66399
0.000877452558438,5.66733
0.000878452558437,5.66399
0.000879452558437,5.66399
0.000880452558438,5.66733
0.000881452558437,5.66399
0.000882452558438,5.66399
0.000883452558437,5.66733
0.000884452558437,5.66399
0.000885452558438,5.66399
0.000886452558437,5.66733
0.000887452558437,5.66733
0.000888452558437,5.66399
0.000889452558437,5.66733
0.000890452558438,5.66733
0.000891452558437,5.66399
0.000892452558437,5.66399
0.000893452558438,5.66733
0.000894452558437,5.66399
0.000895452558438,5.66064
0.000896452558437,5.66733
0.000897452558437,5.66733
0.000898452558438,5.66064
0.000899452558437,5.66733
0.000900452558438,5.66733
0.000901452558437,5.66064
0.000902452558437,5.66733
0.000903452558438,5.66733
0.000904452558437,5.66733
0.000905452558437,5.66733
0.000906452558437,5.66733
0.000907452558437,5.66399
0.000908452558438,5.66399
0.000909452558437,5.66733
0.000910452558437,5.66399
0.000911452558438,5.66399
0.000912452558437,5.66733
0.000913452558438,5.66399
0.000914452558437,5.66064
0.000915452558437,5.66733
0.000916452558438,5.66733
0.000917452558437,5.66399
0.000918452558437,5.66733
0.000919452558437,5.66399
0.000920452558437,5.66064
0.000921452558438,5.66733
0.000922452558437,5.66733
0.000923452558437,5.66399
0.000924452558438,5.66064
0.000925452558437,5.66733
0.000926452558438,5.66399
0.000927452558437,5.66064
0.000928452558437,5.66733
0.000929452558438,5.66733
0.000930452558437,5.66399
0.000931452558438,5.66733
0.000932452558437,5.66733
0.000933452558437,5.66399
0.000934452558438,5.66733
0.000935452558437,5.66733
0.000936452558437,5.66399
0.000937452558437,5.66399
0.000938452558437,5.66733
0.000939452558438,5.66399
0.000940452558437,5.66399
0.000941452558437,5.66733
0.000942452558438,5.66399
0.000943452558437,5.66399
0.000944452558438,5.66733
0.000945452558437,5.66399
0.000946452558437,5.66064
0.000947452558438,5.66733
0.000948452558437,5.66733
0.000949452558438,5.66399
0.000950452558437,5.66399
0.000951452558437,5.66733
0.000952452558438,5.66399
0.000953452558437,5.66733
0.000954452558437,5.66733
0.000955452558437,5.66399
0.000956452558437,5.66399
0.000957452558438,5.66733
0.000958452558437,5.66064
0.000959452558437,5.66399
0.000960452558438,5.66733
0.000961452558437,5.66733
0.000962452558438,5.66399
0.000963452558437,5.66733
0.000964452558437,5.66399
0.000965452558438,5.66399
0.000966452558437,5.66399
0.000967452558437,5.66733
0.000968452558437,5.66399
0.000969452558437,5.66399
0.000970452558438,5.66733
0.000971452558437,5.66399
0.000972452558437,5.66399
0.000973452558437,5.67068
0.000974452558437,5.66399
0.000975452558438,5.66064
0.000976452558437,5.67068
0.000977452558437,5.66399
0.000978452558438,5.66064
0.000979452558437,5.66733
0.000980452558437,5.66733
0.000981452558438,5.66064
0.000982452558437,5.66399
0.000983452558437,5.66399
0.000984452558438,5.66064
0.000985452558437,5.66733
0.000986452558437,5.66733
0.000987452558438,5.66399
0.000988452558438,5.66399
0.000989452558437,5.67068
0.000990452558437,5.66399
0.000991452558438,5.66064
0.000992452558437,5.66399
0.000993452558437,5.66399
0.000994452558438,5.66399
0.000995452558437,5.66399
0.000996452558437,5.66733
0.000997452558438,5.66064
0.000998452558438,5.66064
0.000999452558437,5.66733
0.00100045255844,5.66064
0.00100145255844,5.66399
0.00100245255844,5.66733
0.00100345255844,5.66399
0.00100445255844,5.66064
0.00100545255844,5.66733
0.00100645255844,5.66399
0.00100745255844,5.66399
0.00100845255844,5.66733
0.00100945255844,5.66399
0.00101045255844,5.66064
0.00101145255844,5.66399
0.00101245255844,5.66733
0.00101345255844,5.66064
0.00101445255844,5.66399
0.00101545255844,5.66399
0.00101645255844,5.66064
0.00101745255844,5.66064
0.00101845255844,5.66733
0.00101945255844,5.66399
0.00102045255844,5.66064
0.00102145255844,5.66399
0.00102245255844,5.66399
0.00102345255844,5.66399
0.00102445255844,5.66733
0.00102545255844,5.66399
0.00102645255844,5.66064
0.00102745255844,5.66733
0.00102845255844,5.66399
0.00102945255844,5.66064
0.00103045255844,5.66399
0.00103145255844,5.66733
0.00103245255844,5.66399
0.00103345255844,5.66399
0.00103445255844,5.66399
0.00103545255844,5.66399
0.00103645255844,5.66399
0.00103745255844,5.66733
0.00103845255844,5.66733
0.00103945255844,5.66399
0.00104045255844,5.66733
0.00104145255844,5.66399
0.00104245255844,5.66064
0.00104345255844,5.66733
0.00104445255844,5.66733
0.00104545255844,5.66399
0.00104645255844,5.66399
0.00104745255844,5.66399
0.00104845255844,5.66064
0.00104945255844,5.66399
0.00105045255844,5.66733
0.00105145255844,5.66399
0.00105245255844,5.66399
0.00105345255844,5.66733
0.00105445255844,5.66399
0.00105545255844,5.66064
0.00105645255844,5.66399
0.00105745255844,5.66399
0.00105845255844,5.66064
0.00105945255844,5.66399
0.00106045255844,5.66399
0.00106145255844,5.66064
0.00106245255844,5.66064
0.00106345255844,5.66733
0.00106445255844,5.66064
0.00106545255844,5.66064
0.00106645255844,5.66399
0.00106745255844,5.66399
0.00106845255844,5.66064
0.00106945255844,5.66399
0.00107045255844,5.66399
0.00107145255844,5.66064
0.00107245255844,5.66733
0.00107345255844,5.66733
0.00107445255844,5.66064
0.00107545255844,5.66399
0.00107645255844,5.66733
0.00107745255844,5.66064
0.00107845255844,5.66399
0.00107945255844,5.66399
0.00108045255844,5.66064
0.00108145255844,5.66064
0.00108245255844,5.66399
0.00108345255844,5.66399
0.00108445255844,5.66064
0.00108545255844,5.66733
0.00108645255844,5.66733
0.00108745255844,5.66399
0.00108845255844,5.66399
0.00108945255844,5.66399
0.00109045255844,5.66064
0.00109145255844,5.66399
0.00109245255844,5.66733
0.00109345255844,5.66399
0.00109445255844,5.66064
0.00109545255844,5.66399
0.00109645255844,5.66399
0.00109745255844,5.66399
0.00109845255844,5.66399
0.00109945255844,5.66399
0.00110045255844,5.66064
0.00110145255844,5.66733
0.00110245255844,5.66399
0.00110345255844,5.66064
0.00110445255844,5.66733
0.00110545255844,5.66399
0.00110645255844,5.66064
0.00110745255844,5.66399
0.00110845255844,5.66399
0.00110945255844,5.66399
0.00111045255844,5.66399
0.00111145255844,5.66399
0.00111245255844,5.66399
0.00111345255844,5.66064
0.00111445255844,5.66733
0.00111545255844,5.66399
0.00111645255844,5.66064
0.00111745255844,5.66733
0.00111845255844,5.66399
0.00111945255844,5.66399
0.00112045255844,5.66733
0.00112145255844,5.66733
0.00112245255844,5.66064
0.00112345255844,5.66399
0.00112445255844,5.66733
0.00112545255844,5.66399
0.00112645255844,5.66399
0.00112745255844,5.66399
0.00112845255844,5.66064
0.00112945255844,5.66399
0.00113045255844,5.66733
0.00113145255844,5.66399
0.00113245255844,5.66064
0.00113345255844,5.66399
0.00113445255844,5.66399
0.00113545255844,5.66064
0.00113645255844,5.66733